{"labels": {"digital clock": {"times": [0], "scores": [0.783437967300415], "labelId": "n03196217"}, "sliding door": {"times": [3], "scores": [0.3027171492576599], "labelId": "n04239074"}, "theater curtain, theatre curtain": {"times": [6], "scores": [0.5852549076080322], "labelId": "n04418357"}, "jellyfish": {"times": [7], "scores": [0.2968447208404541], "labelId": "n01910747"}, "aircraft carrier, carrier, flattop, attack aircraft carrier": {"times": [8], "scores": [0.30675262212753296], "labelId": "n02687172"}, "palace": {"times": [9], "scores": [0.8553868532180786], "labelId": "n03878211"}, "cinema, movie theater, movie theatre, movie house, picture palace": {"times": [10, 15, 22], "scores": [0.09248706698417664, 0.8593297600746155, 0.09147542715072632], "labelId": "n03032252"}, "street sign": {"times": [11, 25], "scores": [0.849875271320343, 0.5942209959030151], "labelId": "n06794110"}, "jinrikisha, ricksha, rickshaw": {"times": [14], "scores": [0.6613869667053223], "labelId": "n03599486"}, "monastery": {"times": [16], "scores": [0.3505103290081024], "labelId": "n03781244"}, "police van, police wagon, paddy wagon, patrol wagon, wagon, black Maria": {"times": [17], "scores": [0.209025576710701], "labelId": "n03977966"}, "garbage truck, dustcart": {"times": [18], "scores": [0.6859838962554932], "labelId": "n03417042"}, "cab, hack, taxi, taxicab": {"times": [20], "scores": [0.3173811435699463], "labelId": "n02930766"}, "dogsled, dog sled, dog sleigh": {"times": [21], "scores": [0.07290205359458923], "labelId": "n03218198"}, "streetcar, tram, tramcar, trolley, trolley car": {"times": [23], "scores": [0.4340720474720001], "labelId": "n04335435"}, "pole": {"times": [24], "scores": [0.27671298384666443], "labelId": "n03977158"}, "parallel bars, bars": {"times": [27], "scores": [0.18083186447620392], "labelId": "n03888605"}, "valley, vale": {"times": [28, 35, 53, 55, 65, 72, 74, 76], "scores": [0.6183042526245117, 0.6631764769554138, 0.05528465658426285, 0.6586582064628601, 0.6385197639465332, 0.8841140866279602, 0.450021356344223, 0.29577332735061646], "labelId": "n09468604"}, "alp": {"times": [30, 75, 78, 82, 84], "scores": [0.39240556955337524, 0.21632762253284454, 0.20542506873607635, 0.734400749206543, 0.5645922422409058], "labelId": "n09193705"}, "cock": {"times": [31], "scores": [0.1048910990357399], "labelId": "n01514668"}, "ox": {"times": [32], "scores": [0.9221184253692627], "labelId": "n02403003"}, "harp": {"times": [37, 58], "scores": [0.2771587669849396, 0.13395315408706665], "labelId": "n03495570"}, "bell cote, bell cot": {"times": [38], "scores": [0.8883743286132812], "labelId": "n02825657"}, "maze, labyrinth": {"times": [40], "scores": [0.5410016179084778], "labelId": "n03733281"}, "umbrella": {"times": [41, 43, 45], "scores": [0.6543225646018982, 0.7588424682617188, 0.9976521134376526], "labelId": "n04507155"}, "lumbermill, sawmill": {"times": [42, 56], "scores": [0.08722946792840958, 0.14588245749473572], "labelId": "n03697007"}, "swing": {"times": [44, 49], "scores": [0.29825732111930847, 0.12853728234767914], "labelId": "n04371774"}, "croquet ball": {"times": [50], "scores": [0.11624382436275482], "labelId": "n03134739"}, "pot, flowerpot": {"times": [51, 59, 62], "scores": [0.08709520846605301, 0.16283126175403595, 0.1851411610841751], "labelId": "n03991062"}, "dam, dike, dyke": {"times": [52, 54, 57], "scores": [0.29222404956817627, 0.4027579128742218, 0.2232416868209839], "labelId": "n03160309"}, "poncho": {"times": [60, 64], "scores": [0.3500016927719116, 0.8320188522338867], "labelId": "n03980874"}, "park bench": {"times": [61], "scores": [0.2706025242805481], "labelId": "n03891251"}, "stole": {"times": [63], "scores": [0.45553362369537354], "labelId": "n04325704"}, "seashore, coast, seacoast, sea-coast": {"times": [71], "scores": [0.30331575870513916], "labelId": "n09428293"}, "cliff, drop, drop-off": {"times": [73], "scores": [0.34085047245025635], "labelId": "n09246464"}, "lakeside, lakeshore": {"times": [79, 83], "scores": [0.46363359689712524, 0.2186467945575714], "labelId": "n09332890"}}}